,Label,Weight
0,刘备,5309
1,曹操,4835
2,一个,2340
3,关羽,2191
4,丞相,2164
5,没有,2028
6,吕布,1637
7,知道,1633
8,老板,1509
9,现在,1489
10,真的,1459
11,荆州,1303
12,三国,1294
13,其实,1283
14,张飞,1250
15,东吴,1180
16,孙权,1127
17,司马懿,1100
18,袁绍,1079
19,可能,1024
20,不会,1019
21,,998
22,已经,976
23,不能,918
24,历史,888
25,魏延,870
26,应该,862
27,孔明,854
28,确实,800
29,直接,792
30,孙策,662
31,二爷,653
32,亮亮,651
33,董卓,649
34,诸葛,638
35,觉得,633
36,后面,631
37,刘禅,612
38,这种,610
39,肯定,609
40,可惜,559
41,天下,550
42,将军,547
43,一直,536
44,最后,535
45,蜀汉,523
46,问题,516
47,这时候,516
48,前面,511
49,感觉,509
50,司马,487
51,百姓,486
52,这是,485
53,姜维,468
54,兄弟,465
55,皇帝,461
56,本来,458
57,当时,454
58,真是,452
59,两个,446
60,不要,446
61,谋士,440
62,阿斗,435
63,喜欢,425
64,马超,425
65,只能,420
66,不行,414
67,马谡,405
68,儿子,404
69,演义,399
70,徐庶,398
71,子龙,398
72,一下,393
73,蜀国,387
74,英雄,383
75,曹丕,382
76,主公,380
77,江东,380
78,徐州,374
79,投降,372
80,小兵,371
81,后来,368
82,北伐,365
83,曹魏,364
84,当年,360
85,看到,356
86,演员,353
87,之前,353
88,厉害,353
89,之后,348
90,陈宫,344
91,根本,342
92,有点,336
93,一点,333
94,一起,333
95,啊啊啊,333
96,古代,332
97,几个,327
98,备备,326
99,鲁肃,323
100,主要,320
101,起来,320
102,不了,317
103,军师,312
104,是不是,309
105,魏国,308
106,很多,298
107,一定,296
108,是因为,296
109,不好,296
110,嘟嘟,294
111,打仗,293
112,老师,290
113,皇叔,290
114,一次,290
115,不敢,288
116,司马昭,288
117,正史,285
118,后期,282
119,能力,281
120,貂蝉,279
121,好像,273
122,手下,272
123,以后,271
124,估计,266
125,关张,265
126,汉室,263
127,不用,261
128,孟获,261
129,仁义,257
130,机会,255
131,为啥,255
132,成功,255
133,关系,252
134,人才,252
135,三国演义,251
136,大将,251
137,黄忠,251
138,陆逊,250
139,武将,248
140,回去,248
141,意思,247
142,赤壁,246
143,刘表,246
144,以前,239
145,下来,238
146,飞飞,237
147,毕竟,236
148,回来,229
149,看看,228
150,曹植,226
151,华佗,225
152,不想,224
153,doge,223
154,大哥,223
155,汉中,222
156,地方,222
157,一句,218
158,说话,218
159,大军,216
160,早就,214
161,重要,213
162,办法,213
163,想到,212
164,十万,211
165,有人,211
166,诸葛亮,209
167,原著,209
168,武力,209
169,突然,207
170,跟着,207
171,鼠辈,206
172,时间,205
173,性格,202
174,当初,202
175,过来,201
176,需要,199
177,时期,198
178,里面,197
179,杨修,196
180,不可,195
181,好好,194
182,刘璋,194
183,正常,193
184,聪明,192
185,实力,190
186,没想到,189
187,大汉,188
188,第一,188
189,不到,187
190,不错,187
191,完全,187
192,三个,186
193,报仇,184
194,年轻,182
195,计谋,182
196,说明,181
197,先生,181
198,明白,179
199,袁术,179
200,容易,179
201,公瑾,177
202,个人,176
203,发现,175
204,统一,175
205,士兵,175
206,算是,174
207,东西,173
208,非常,172
209,中原,169
210,呜呜,167
211,夏侯惇,165
212,火烧,164
213,夷陵,163
214,忠臣,161
215,小人,160
216,拿下,160
217,故意,159
218,不在,159
219,身边,158
220,孙坚,158
221,对面,158
222,绝对,157
223,失败,157
224,乱世,156
225,天子,156
226,过去,155
227,注意,154
228,唯一,154
229,西川,154
230,粮草,154
231,今天,153
232,必须,153
233,中国,152
234,那种,152
235,居然,152
236,三国志,151
237,吴国,151
238,云长,151
239,电视剧,150
240,北方,150
241,街亭,150
242,一辈子,148
243,原来,148
244,技能,147
245,原因,147
246,先帝,147
247,真正,147
248,理解,147
249,大事,146
250,看着,146
251,10,145
252,随便,145
253,这句,145
254,告诉,145
255,合肥,145
256,张昭,145
257,一人,144
258,不住,144
259,情况,144
260,三爷,143
261,每次,143
262,记得,143
263,王允,142
264,长安,142
265,凤雏,141
266,小说,139
267,吕蒙,139
268,事情,138
269,属于,138
270,想想,137
271,罗贯中,137
272,之战,136
273,没错,136
274,弹幕,136
275,准备,135
276,希望,135
277,火攻,135
278,关二爷,134
279,心疼,134
280,马腾,134
281,夫人,134
282,孙尚香,134
283,孩子,133
284,不够,133
285,愿意,132
286,母亲,132
287,夏侯渊,132
288,遇到,131
289,有没有,131
290,脑子,131
291,对手,131
292,难道,130
293,想要,130
294,心里,129
295,古人,129
296,义父,129
297,军队,129
298,整个,128
299,基本,128
300,道理,128
301,老婆,128
302,马上,128
303,细节,127
304,实际上,127
305,火箭,127
306,导致,127
307,记载,126
308,东汉,126
309,特别,126
310,活着,126
311,明明,126
312,真实,125
313,关键,125
314,张松,125
315,钟会,125
316,兵马,124
317,喝酒,124
318,一集,124
319,时代,124
320,天天,124
321,兵力,124
322,江山,123
323,政治,123
324,廖化,123
325,发动,122
326,一段,122
327,势力,121
328,到底,121
329,样子,120
330,赤壁之战,119
331,黄盖,119
332,衣服,118
333,...,118
334,都督,118
335,全是,117
336,看见,117
337,汉朝,116
338,诸侯,116
339,不让,116
340,刘邦,116
341,前期,116
342,相当于,115
343,考虑,115
344,汉献帝,115
345,将领,115
346,季汉,114
347,最好,114
348,偷袭,114
349,怀疑,113
350,重用,113
351,益州,113
352,子午谷,113
353,国家,112
354,结局,112
355,大将军,112
356,刘皇叔,112
357,我要,111
358,将士,111
359,一路,110
360,有个,110
361,这话,110
362,军事,110
363,女人,110
364,角色,110
365,奈何,110
366,人物,110
367,女儿,109
368,去世,109
369,选择,109
370,一种,109
371,比较,109
372,面前,109
373,其他人,109
374,多年,109
375,看来,109
376,变成,108
377,一生,108
378,实在,108
379,哥哥,108
380,干嘛,108
381,安排,108
382,曹爽,108
383,何进,107
384,不知,107
385,军心,107
386,这段,106
387,可爱,106
388,加上,106
389,心态,106
390,邓艾,106
391,可怜,105
392,导演,105
393,地位,105
394,太守,105
395,曹军,105
396,陈登,105
397,认为,104
398,一把,104
399,适合,103
400,宦官,103
401,手里,103
402,表情,103
403,只会,103
404,明显,103
405,后人,102
406,不同,102
407,没什么,102
408,周郎,102
409,夏侯,101
410,老子,101
411,留下,101
412,一群,101
413,相信,101
414,信任,101
415,第一次,101
416,好看,101
417,司马师,101
418,不对,101
419,他俩,100
420,只不过,100
421,差不多,100
422,庞德,100
423,看出,99
424,名字,99
425,成都,99
426,很大,98
427,听到,98
428,忠义,98
429,计策,98
430,没法,97
431,地盘,97
432,想起,96
433,生气,96
434,至少,96
435,出去,96
436,最大,96
437,差点,96
438,剧情,96
439,曹家,96
440,太史慈,96
441,出现,95
442,优势,95
443,长坂坡,95
444,甘宁,95
445,20,94
446,台词,94
447,杀人,94
448,程昱,94
449,出山,94
450,敌人,93
451,带兵,93
452,做到,93
453,没事,93
454,刚才,93
455,回合,93
456,王平,93
457,曹真,93
458,100,92
459,可不是,92
460,刚刚,92
461,终于,92
462,这才,92
463,两人,92
464,人头,92
465,镜头,92
466,领导,92
467,许褚,92
468,项羽,92
469,70,92
470,诸葛丞相,92
471,神仙,92
472,知识,91
473,赶紧,91
474,不该,91
475,东风,91
476,桃园,90
477,洛阳,90
478,匡扶汉,90
479,影响,90
480,情商,90
481,说实话,90
482,感情,90
483,联盟,90
484,赵子龙,90
485,诸葛瑾,90
486,水平,89
487,发发,89
488,一半,89
489,曹仁,89
490,吴国太,89
491,战场,88
492,年纪,88
493,战争,88
494,好多,88
495,篡位,88
496,刀斧手,88
497,眼睛,87
498,竟然,87
499,造反,87
500,西凉,87
501,视角,87
502,失去,87
503,亲自,87
504,反正,87
505,利益,87
506,没用,87
507,攻城,86
508,死后,86
509,身上,86
510,想法,86
511,蒋干,86
512,小时候,85
513,眼神,85
514,谋略,85
515,不算,85
516,埋伏,85
517,得到,85
518,名声,85
519,家人,85
520,西游记,84
521,后代,84
522,集团,84
523,河北,84
524,今日,84
525,剧组,83
526,哪有,83
527,周瑜,83
528,正确,83
529,香香,83
530,弟弟,83
531,南郡,83
532,如今,82
533,无法,82
534,多人,82
535,简单,82
536,士族,82
537,联合,82
538,没人,82
539,曹丞相,82
540,战略,82
541,一步,81
542,代表,81
543,贝贝,81
544,单挑,81
545,几乎,81
546,彻底,81
547,大宝,81
548,现实,81
549,身体,80
550,下去,80
551,本初,80
552,李儒,80
553,老贼,80
554,出兵,80
555,二人,79
556,自然,79
557,三弟,79
558,演技,79
559,之间,79
560,智力,79
561,家族,79
562,陛下,79
563,身份,78
564,成为,78
565,名将,78
566,搞笑,78
567,放心,78
568,于禁,78
569,魅力,77
570,老百姓,77
571,区别,77
572,所谓,77
573,刘协,77
574,反应,77
575,真心,77
576,小儿,77
577,周仓,77
578,一场,76
579,害死,76
580,兵权,76
581,天命,76
582,朋友,76
583,担心,76
584,一战,76
585,华容道,76
586,一条,75
587,父亲,75
588,50,75
589,人心,75
590,说不定,75
591,忠心,75
592,七出,75
593,大丈夫,74
594,关公,74
595,一边,74
596,格局,74
597,年代,74
598,看过,74
599,文丑,74
600,每个,74
601,不少,74
602,表示,74
603,无人,74
604,发展,74
605,打下,74
606,顶级,74
607,气死,74
608,诸葛村,74
609,面子,73
610,更好,73
611,毛病,73
612,一刀,73
613,开心,73
614,沮授,73
615,家底,73
616,君主,73
617,蔡瑁,73
618,太多,72
619,了解,72
620,必然,72
621,第一个,72
622,之中,72
623,曹贼,72
624,就行了,72
625,不服,71
626,谋反,71
627,这点,71
628,简直,71
629,二哥,71
630,还好,71
631,必要,71
632,进攻,71
633,继承,71
634,孟达,71
635,伯约,71
636,二弟,70
637,明主,70
638,想着,70
639,颜良,70
640,剩下,70
641,害怕,70
642,好歹,70
643,主动,70
644,五虎,70
645,魏军,70
646,伤心,69
647,大臣,69
648,一天,69
649,我家,69
650,本事,69
651,淳于琼,69
652,大业,69
653,国力,69
654,SSR,68
655,朝廷,68
656,一方,68
657,结义,68
658,出身,68
659,父子,68
660,怪不得,68
661,献帝,68
662,太好了,68
663,继续,68
664,军令状,68
665,蜀中,68
666,经典,67
667,不杀,67
668,官渡,67
669,孟德,67
670,起码,67
671,四川,67
672,危险,67
673,阵营,67
674,盟友,67
675,获得,66
676,左右,66
677,看不起,66
678,这俩,66
679,几十年,66
680,上面,66
681,永远,66
682,文化,65
683,粮食,65
684,五丈,65
685,男人,65
686,清楚,65
687,公孙瓒,65
688,旁边,65
689,表现,65
690,辅佐,65
691,几次,65
692,骑马,65
693,中计,65
694,刘封,65
695,背刺,65
696,五胡乱华,65
697,晚上,64
698,世界,64
699,利用,64
700,队友,64
701,高兴,64
702,现代,64
703,不得不,64
704,难怪,64
705,糜芳,64
706,子敬,64
707,场面,63
708,正好,63
709,30,63
710,决定,63
711,差距,63
712,无敌,63
713,来看,63
714,傻子,63
715,总是,63
716,理由,63
717,这集,63
718,典韦,63
719,多次,63
720,匹夫,63
721,乌巢,63
722,存在,63
723,南方,63
724,水镜,63
725,故事,62
726,皇后,62
727,三分,62
728,几年,62
729,下面,62
730,妹妹,62
731,发生,62
732,听说,62
733,再也,62
734,哪来,62
735,天意,62
736,难受,61
737,上来,61
738,2024,61
739,世家,61
740,进去,61
741,损失,61
742,千古,60
743,尴尬,60
744,非要,60
745,创业,60
746,骑兵,60
747,提前,60
748,好人,60
749,人马,60
750,性命,60
751,位置,60
752,陶谦,60
753,无奈,60
754,一家,60
755,最强,60
756,士气,60
757,脑袋,60
758,守城,60
759,兵法,60
760,出师表,60
761,祁山,60
762,吱吱,60
763,任务,59
764,妈妈,59
765,最高,59
766,文官,59
767,结束,59
768,下场,59
769,讨厌,59
770,保护,59
771,君臣,59
772,元直,59
773,大义,58
774,道德,58
775,一死,58
776,同意,58
777,赤兔,58
778,无能,58
779,后世,58
780,接受,58
781,猛将,58
782,听话,58
783,仁德,58
784,认识,57
785,很难,57
786,未必,57
787,改变,57
788,解释,57
789,打赢,57
790,一块,57
791,合理,57
792,换成,57
793,等于,57
794,部下,57
795,相父,57
796,曹髦,57
797,上方,57
798,态度,56
799,宗亲,56
800,灭亡,56
801,正在,56
802,上帝,56
803,音乐,56
804,攻打,56
805,可不,56
806,基业,56
807,这会,56
808,所有人,56
809,李严,56
810,玉玺,56
811,更是,56
812,声音,56
813,大王,56
814,脾气,55
815,年龄,55
816,级别,55
817,岂能,55
818,不像,55
819,三顾,55
820,多疑,55
821,权力,55
822,四个,55
823,回家,55
824,南蛮,55
825,不信,55
826,吼吼,55
827,大战,55
828,曹营,55
829,面对,55
830,大败,55
831,全国,54
832,孙吴,54
833,最终,54
834,玩家,54
835,胡子,54
836,好家伙,54
837,张翼德,54
838,曾经,54
839,起兵,54
840,感动,54
841,武侯,54
842,离谱,54
843,人口,54
844,证明,54
845,两次,54
846,同样,54
847,史书,54
848,时刻,54
849,此人,54
850,更何况,54
851,许昌,54
852,命令,54
853,事儿,53
854,试探,53
855,不愧,53
856,bushi,53
857,技术,53
858,环境,53
859,半生,53
860,理想,53
861,穿越,53
862,部队,53
863,老臣,53
864,主意,53
865,非得,53
866,帝王,53
867,忠诚,53
868,条件,53
869,生活,53
870,越来越,53
871,妻子,53
872,后方,53
873,许攸,53
874,关平,53
875,后勤,52
876,吃饭,52
877,打败,52
878,角度,52
879,两位,52
880,互相,52
881,离开,52
882,王司徒,52
883,体验,52
884,城池,52
885,从来,52
886,弑君,52
887,处理,52
888,斩首,52
889,动手,52
890,法正,52
891,日后,52
892,孙仲谋,52
893,连营,52
894,建安,52
895,徐晃,52
896,大魏,52
897,亮亮的,52
898,七进,52
899,武器,51
900,奇怪,51
901,一堆,51
902,跟随,51
903,这波,51
904,大部分,51
905,答应,51
906,千年,51
907,几天,51
908,爷爷,51
909,狗头,51
910,威胁,51
911,一看,51
912,支持,51
913,好处,51
914,不说,51
915,丁原,51
916,意气风发,51
917,背叛,51
918,上去,51
919,一眼,51
920,操作,51
921,放在,51
922,难过,51
923,方法,51
924,众人,51
925,田丰,51
926,曹昂,51
927,战死,51
928,官渡之战,51
929,托孤,51
930,长江,51
931,偏偏,51
932,用人,51
933,襄阳,51
934,马良,51
935,说法,50
936,成就,50
937,目的,50
938,赤兔马,50
939,职业,50
940,父母,50
941,家里,50
942,立功,50
943,千里,50
944,值得,50
945,防守,50
946,徐母,50
947,蜀军,50
948,内心,49
949,末年,49
950,是从,49
951,坚持,49
952,头发,49
953,建议,49
954,活该,49
955,双方,49
956,承认,49
957,收拾,49
958,这位,49
959,不足,49
960,享受,49
961,放弃,49
962,大概,49
963,场景,49
964,枭雄,48
965,矛盾,48
966,老大,48
967,稳定,48
968,睡觉,48
969,严重,48
970,实际,48
971,早晚,48
972,找个,48
973,内部,48
974,阿瞒,48
975,一年,48
976,显得,48
977,要死,48
978,一声,48
979,五千,48
980,三足鼎立,48
981,孙夫人,48
982,曹叡,48
983,得罪,47
984,卧槽,47
985,也许,47
986,一遍,47
987,一代,47
988,小子,47
989,使用,47
990,指挥,47
991,到时候,47
992,做事,47
993,前方,47
994,人生,47
995,试试,47
996,几集,47
997,忠于,47
998,意见,47
999,事实,47
1000,答案,47
1001,杀死,47
1002,一计,47
1003,借口,47
1004,投奔,47
1005,像是,47
1006,不下,47
1007,出战,47
1008,国太,47
1009,翻译,46
1010,打架,46
1011,兵器,46
1012,巅峰,46
1013,经常,46
1014,公司,46
1015,女性,46
1016,这下,46
1017,提醒,46
1018,汉末,46
1019,统帅,46
1020,华夏,46
1021,小乔,46
1022,难以,46
1023,弄死,46
1024,逻辑,46
1025,评价,46
1026,投靠,46
1027,手段,46
1028,明知,46
1029,或许,46
1030,白马,46
1031,先锋,46
1032,没见,46
1033,BGM,46
1034,原本,46
1035,一万,46
1036,工作,46
1037,张鲁,46
1038,刘琮,46
1039,三人,45
1040,背后,45
1041,小孩,45
1042,逃跑,45
1043,老头,45
1044,计划,45
1045,功劳,45
1046,有用,45
1047,黄皓,45
1048,想象,45
1049,效果,45
1050,秋风,45
1051,女子,45
1052,新版,45
1053,下属,45
1054,华雄,45
1055,想不到,45
1056,守住,45
1057,上次,45
1058,概率,45
1059,山上,45
1060,不肯,45
1061,攻击,45
1062,优柔寡断,45
1063,生擒,45
1064,水军,45
1065,供应,45
1066,云南,45
1067,东南风,45
1068,游戏,44
1069,青龙,44
1070,早期,44
1071,关云长,44
1072,正统,44
1073,培养,44
1074,反复,44
1075,出师,44
1076,一个个,44
1077,日本,44
1078,爸爸,44
1079,方面,44
1080,外面,44
1081,可怕,44
1082,思考,44
1083,弓箭,44
1084,衣带诏,44
1085,公台,44
1086,司马氏,44
1087,多好,44
1088,记住,44
1089,哥们,44
1090,全都,44
1091,眼里,44
1092,五虎上将,44
1093,蜀地,44
1094,韩信,44
1095,情绪,44
1096,一统,44
1097,用兵,44
1098,可用,44
1099,三军,44
1100,赵云,44
1101,严颜,44
1102,野心,43
1103,天地,43
1104,打死,43
1105,一身,43
1106,气质,43
1107,还给,43
1108,要求,43
1109,进来,43
1110,单纯,43
1111,就让,43
1112,投了,43
1113,设计,43
1114,人间,43
1115,太大,43
1116,不见,43
1117,尊重,43
1118,南阳,43
1119,五虎将,43
1120,一件,43
1121,之计,43
1122,打得,43
1123,之地,43
1124,谢谢,43
1125,坚守,43
1126,军中,43
1127,距离,43
1128,正面,43
1129,张绣,43
1130,迷信,43
1131,七十万,43
1132,新野,43
1133,刘琦,43
1134,台阶,42
1135,刘玄德,42
1136,一流,42
1137,长沙,42
1138,四大名著,42
1139,精彩,42
1140,实现,42
1141,说出,42
1142,忽悠,42
1143,11,42
1144,感谢,42
1145,普通,42
1146,叛变,42
1147,吕伯奢,42
1148,40,42
1149,皮肤,42
1150,过于,42
1151,关将军,42
1152,专门,42
1153,水浒,42
1154,孙乾,42
1155,玄德,42
1156,Doge,42
1157,生子,42
1158,丁奉,42
1159,错误,42
1160,诸葛孔明,42
1161,司马炎,42
1162,文远,42
1163,武艺,41
1164,很强,41
1165,盔甲,41
1166,不弃,41
1167,未来,41
1168,个个,41
1169,you,41
1170,刘家,41
1171,路上,41
1172,这件,41
1173,笑话,41
1174,长得,41
1175,岂不是,41
1176,拼命,41
1177,局势,41
1178,基本上,41
1179,领兵,41
1180,二代,41
1181,观众,41
1182,战斗力,41
1183,人类,41
1184,用计,41
1185,一会儿,41
1186,演戏,41
1187,说真的,41
1188,隆中对,41
1189,使者,41
1190,敌军,41
1191,鞠躬尽瘁,41
1192,亮子,41
1193,胃炎,41
1194,一幕,40
1195,战力,40
1196,绝不,40
1197,允许,40
1198,红楼梦,40
1199,心中,40
1200,一统天下,40
1201,有意思,40
1202,完美,40
1203,出生,40
1204,说错,40
1205,君子,40
1206,刺杀,40
1207,不去,40
1208,伤害,40
1209,全剧,40
1210,良将,40
1211,超级,40
1212,不死,40
1213,在家,40
1214,对付,40
1215,上将,40
1216,没想,40
1217,人品,40
1218,春秋,40
1219,你家,40
1220,折寿,40
1221,樊城,40
1222,战术,40
1223,手术,40
1224,马岱,40
1225,张任,40
1226,偃月,39
1227,立马,39
1228,力气,39
1229,能活,39
1230,祖宗,39
1231,努力,39
1232,关兴,39
1233,尤其,39
1234,太监,39
1235,即将,39
1236,三顾茅庐,39
1237,先主,39
1238,上位,39
1239,明天,39
1240,兴复,39
1241,玩意,39
1242,之辈,39
1243,未捷,39
1244,身先,39
1245,之下,39
1246,两边,39
1247,慢慢,39
1248,必死,39
1249,本是,39
1250,干什么,39
1251,这招,39
1252,恢复,39
1253,开玩笑,39
1254,带走,39
1255,很少,39
1256,三公,39
1257,打算,39
1258,智谋,39
1259,5000,39
1260,威望,39
1261,不利,39
1262,符合,39
1263,之心,39
1264,心思,39
1265,两家,39
1266,动不动,39
1267,十年,39
1268,天下无敌,39
1269,即可,39
1270,意义,39
1271,辛苦,39
1272,过五关斩六将,39
1273,这么久,39
1274,不必,39
1275,老版,39
1276,还会,39
1277,发育,39
1278,完成,39
1279,平时,39
1280,天时,39
1281,曹氏,39
1282,许都,39
1283,状态,39
1284,当阳,39
1285,复兴,39
1286,放火,39
1287,大雾,39
1288,ssr,38
1289,少年,38
1290,天下人,38
1291,读书,38
1292,张苞,38
1293,算了,38
1294,现代人,38
1295,泪满襟,38
1296,画面,38
1297,自古,38
1298,能够,38
1299,拒绝,38
1300,世人,38
1301,形象,38
1302,精神,38
1303,后悔,38
1304,连环计,38
1305,到处,38
1306,不大,38
1307,体现,38
1308,风险,38
1309,之士,38
1310,羽扇纶巾,38
1311,关心,38
1312,小心,38
1313,欺负,38
1314,太过,38
1315,仁慈,38
1316,孙刘,38
1317,黄巾,37
1318,老三,37
1319,忍不住,37
1320,毫无,37
1321,一套,37
1322,几十万,37
1323,长使,37
1324,何必,37
1325,便是,37
1326,无辜,37
1327,对抗,37
1328,方式,37
1329,中间,37
1330,缺点,37
1331,王朝,37
1332,专业,37
1333,不止,37
1334,打个,37
1335,......,37
1336,臣子,37
1337,苦肉计,37
1338,士卒,37
1339,孙家,37
1340,可谓,37
1341,兵败,37
1342,首级,37
1343,哇哇,37
1344,宛城,37
1345,背锅,37
1346,傲气,37
1347,轮回,37
1348,伯符,37
1349,统一天下,37
1350,不再,37
1351,攻下,37
1352,想当年,37
1353,胡班,37
1354,诈降,37
1355,唐国强,37
1356,保重,37
1357,500,36
1358,草鞋,36
1359,局面,36
1360,辅助,36
1361,27,36
1362,二位,36
1363,外戚,36
1364,命运,36
1365,短命,36
1366,讲究,36
1367,谨慎,36
1368,消息,36
1369,太子,36
1370,意识,36
1371,作战,36
1372,祖上,36
1373,认真,36
1374,高能,36
1375,动作,36
1376,无双,36
1377,铠甲,36
1378,解决,36
1379,复杂,36
1380,王朗,36
1381,美女,36
1382,连环,36
1383,表演,36
1384,遗憾,36
1385,进入,36
1386,要说,36
1387,主角,36
1388,留在,36
1389,潼关,36
1390,送给,36
1391,第二个,36
1392,必定,36
1393,常山,36
1394,无所谓,36
1395,生死,36
1396,当如,36
1397,这场,36
1398,江南,36
1399,征战,36
1400,求情,36
1401,江夏,36
1402,打完,36
1403,夏侯霸,36
1404,好不容易,35
1405,孙悟空,35
1406,讨伐,35
1407,陆树铭,35
1408,运气,35
1409,普通人,35
1410,回答,35
1411,一出,35
1412,传统,35
1413,没死,35
1414,放过,35
1415,一心,35
1416,从小,35
1417,长大,35
1418,一张,35
1419,百万,35
1420,自信,35
1421,咕咕,35
1422,做法,35
1423,大笑,35
1424,手上,35
1425,看起来,35
1426,心想,35
1427,80,35
1428,头上,35
1429,配音,35
1430,地上,35
1431,幸福,35
1432,一只,35
1433,当街,35
1434,眼泪,35
1435,出场,35
1436,完蛋,35
1437,形成,35
1438,胜利,35
1439,厮杀,35
1440,射箭,35
1441,目前,35
1442,15,35
1443,兄长,35
1444,小聪明,35
1445,气数已尽,35
1446,TM,35
1447,附体,35
1448,古时候,34
1449,科普,34
1450,玉米,34
1451,强大,34
1452,下次,34
1453,正常人,34
1454,不好意思,34
1455,分析,34
1456,一位,34
1457,轻易,34
1458,编剧,34
1459,一手,34
1460,造成,34
1461,智慧,34
1462,手机,34
1463,舍不得,34
1464,日子,34
1465,抓住,34
1466,一会,34
1467,无语,34
1468,此刻,34
1469,识破,34
1470,留着,34
1471,交代,34
1472,山东,34
1473,牺牲,34
1474,不怎么,34
1475,原文,34
1476,人民,34
1477,三千,34
1478,下雨,34
1479,麻烦,34
1480,小路,34
1481,三年,34
1482,谈笑,34
1483,货狗,34
1484,单刀赴会,34
1485,开颅,34
1486,分开,33
1487,真能,33
1488,卢植,33
1489,24,33
1490,佩服,33
1491,身为,33
1492,孙子,33
1493,上头,33
1494,生命,33
1495,控制,33
1496,坚定,33
1497,十分,33
1498,干掉,33
1499,拍摄,33
1500,注定,33
1501,那位,33
1502,反对,33
1503,部分,33
1504,发明,33
1505,嘻嘻,33
1506,学习,33
1507,一说,33
1508,依然,33
1509,遥想,33
1510,舒服,33
1511,难得,33
1512,轻松,33
1513,打过,33
1514,长子,33
1515,恐怕,33
1516,军士,33
1517,全军,33
1518,乐进,33
1519,眼看,33
1520,一时,33
1521,好不好,33
1522,这辈子,33
1523,糜竺,33
1524,好帅,33
1525,见到,33
1526,半个,33
1527,表面,33
1528,奉孝,33
1529,战绩,33
1530,高危,33
1531,防御,33
1532,阚泽,33
1533,杨仪,33
1534,方便,32
1535,回头,32
1536,翼德,32
1537,小时,32
1538,行为,32
1539,暗示,32
1540,装备,32
1541,类似,32
1542,变化,32
1543,建立,32
1544,全家,32
1545,脸上,32
1546,看不上,32
1547,立场,32
1548,经历,32
1549,不来,32
1550,对不起,32
1551,昔日,32
1552,心情,32
1553,令人,32
1554,没关系,32
1555,大多,32
1556,天水,32
1557,可比,32
1558,主帅,32
1559,委屈,32
1560,岳飞,32
1561,半天,32
1562,放走,32
1563,照顾,32
1564,不战,32
1565,乃是,32
1566,之主,32
1567,定军山,32
1568,巴西,32
1569,负责,32
1570,众将,32
1571,后主,32
1572,门门门,32
1573,之力,31
1574,白帝城,31
1575,浪漫,31
1576,不带,31
1577,眼光,31
1578,一顿,31
1579,学到,31
1580,战吕布,31
1581,第二,31
1582,包括,31
1583,两朝,31
1584,羞辱,31
1585,不差,31
1586,这部,31
1587,大族,31
1588,万人,31
1589,治理,31
1590,就行,31
1591,我来,31
1592,达到,31
1593,程度,31
1594,问问,31
1595,无谋,31
1596,七星,31
1597,追随,31
1598,保证,31
1599,18,31
1600,才华,31
1601,追杀,31
1602,看重,31
1603,打开,31
1604,合适,31
1605,重点,31
1606,相当,31
1607,接下来,31
1608,嘲讽,31
1609,小将,31
1610,受不了,31
1611,美人,31
1612,自知,31
1613,天道,31
1614,活捉,31
1615,老实,31
1616,艰难,31
1617,五子,31
1618,鸿门宴,31
1619,待遇,31
1620,入川,31
1621,同根,31
1622,木牛流马,31
1623,能比,30
1624,军阀,30
1625,自立,30
1626,人格魅力,30
1627,权利,30
1628,心理,30
1629,找到,30
1630,不动,30
1631,嘎嘎,30
1632,....,30
1633,好吃,30
1634,自保,30
1635,这事,30
1636,看不懂,30
1637,一是,30
1638,大人,30
1639,行事,30
1640,犹豫,30
1641,这帮,30
1642,版本,30
1643,美人计,30
1644,偷偷,30
1645,60,30
1646,表达,30
1647,风向,30
1648,曹孟德,30
1649,一片,30
1650,依旧,30
1651,足够,30
1652,交给,30
1653,基础,30
1654,亲生,30
1655,发兵,30
1656,3000,30
1657,参与,30
1658,岳父,30
1659,文臣,30
1660,何不,30
1661,老将,30
1662,一座,30
1663,众所周知,30
1664,有时候,30
1665,公元,30
1666,一面,30
1667,一下子,30
1668,史实,30
1669,叫做,30
1670,奇谋,30
1671,张良,30
1672,累死,30
1673,反贼,30
1674,军令,30
1675,锦囊,30
1676,文聘,30
1677,张允,30
1678,你俩,30
1679,舌战群儒,30
1680,黄老,30
1681,凌统,30
1682,西蜀,30
1683,出门,29
1684,博望坡,29
1685,只想,29
1686,带上,29
1687,300,29
1688,玄德公,29
1689,有钱,29
1690,不及,29
1691,水浒传,29
1692,开济,29
1693,活到,29
1694,一秒,29
1695,未尝,29
1696,土地,29
1697,皇上,29
1698,义子,29
1699,好事,29
1700,作用,29
1701,扮演者,29
1702,报应,29
1703,漂亮,29
1704,职位,29
1705,成济,29
1706,一部分,29
1707,相比,29
1708,挡住,29
1709,是否,29
1710,看个,29
1711,尸体,29
1712,可知,29
1713,回到,29
1714,善终,29
1715,同一个,29
1716,帅哥,29
1717,顶多,29
1718,一大,29
1719,早点,29
1720,太难,29
1721,孔融,29
1722,剧本,29
1723,放箭,29
1724,那会,29
1725,石头,29
1726,前往,29
1727,杯子,29
1728,射死,29
1729,太强,29
1730,一招,29
1731,重要性,29
1732,明朝,29
1733,底下,29
1734,为主,29
1735,民心,29
1736,官职,29
1737,时机,29
1738,压根,29
1739,周公瑾,29
1740,雄姿英发,29
1741,成长,29
1742,情节,29
1743,大量,29
1744,经济,29
1745,审配,29
1746,客气,29
1747,黄河,29
1748,借东风,29
1749,主力,29
1750,诈败,29
1751,吴蜀,29
1752,船上,29
1753,何太急,29
1754,教育,28
1755,大乱,28
1756,休息,28
1757,高祖,28
1758,道具,28
1759,同学,28
1760,飘零,28
1761,老家,28
1762,不合,28
1763,亲戚,28
1764,袁本初,28
1765,相互,28
1766,研究,28
1767,演绎,28
1768,刚好,28
1769,到位,28
1770,相见,28
1771,碣石,28
1772,萧瑟,28
1773,好意思,28
1774,内容,28
1775,思想,28
1776,和尚,28
1777,文武,28
1778,叔叔,28
1779,曹洪,28
1780,抵抗,28
1781,主将,28
1782,1000,28
1783,三家,28
1784,都行,28
1785,忘记,28
1786,战败,28
1787,君王,28
1788,主见,28
1789,曹兵,28
1790,病死,28
1791,天气,28
1792,不久,28
1793,内政,28
1794,骨气,28
1795,人质,28
1796,纪灵,28
1797,甘夫人,28
1798,太少,28
1799,我会,28
1800,糜夫人,28
1801,副将,28
1802,逆天,28
1803,偷家,28
1804,出谋划策,28
1805,橘子,28
1806,陈琳,28
1807,晋朝,28
1808,75,28
1809,高手,27
1810,悲伤,27
1811,阳谋,27
1812,太帅,27
1813,开局,27
1814,参考,27
1815,一支,27
1816,欣赏,27
1817,事实上,27
1818,印象,27
1819,唐朝,27
1820,最多,27
1821,没得,27
1822,懂得,27
1823,之手,27
1824,宋朝,27
1825,必败,27
1826,力量,27
1827,玩意儿,27
1828,同事,27
1829,这人,27
1830,收服,27
1831,帅帅,27
1832,说白了,27
1833,着急,27
1834,坏事,27
1835,保养,27
1836,至此,27
1837,威震,27
1838,精锐,27
1839,演得,27
1840,濮阳,27
1841,退兵,27
1842,奸诈,27
1843,泪目,27
1844,提出,27
1845,反复无常,27
1846,资源,27
1847,一席话,27
1848,不愿,27
1849,反间计,27
1850,啥事,27
1851,几百年,27
1852,超过,27
1853,美化,27
1854,袁谭,27
1855,打卡,27
1856,将才,27
1857,文人,27
1858,活得,27
1859,在外,27
1860,真好,27
1861,北上,27
1862,料到,27
1863,医生,27
1864,八百,27
1865,蔡阳,27
1866,之兵,27
1867,真有,27
1868,云妹,27
1869,扶不起,27
1870,地形,27
1871,赵叔,27
1872,摔杯,27
1873,冬天,27
1874,凤凰,27
1875,认可,26
1876,团队,26
1877,作者,26
1878,十常侍,26
1879,自称,26
1880,大势,26
1881,平生,26
1882,16,26
1883,艺术,26
1884,祠堂,26
1885,频烦,26
1886,背景,26
1887,据说,26
1888,虚伪,26
1889,算计,26
1890,太后,26
1891,之言,26
1892,掌权,26
1893,两句,26
1894,除掉,26
1895,这一,26
1896,不要脸,26
1897,太差,26
1898,好听,26
1899,形容,26
1900,换人,26
1901,杀掉,26
1902,权臣,26
1903,平安,26
1904,社稷,26
1905,有种,26
1906,东临,26
1907,四世,26
1908,不用说,26
1909,公子,26
1910,不忍心,26
1911,心痛,26
1912,做好,26
1913,勇气,26
1914,结婚,26
1915,-----------,26
1916,听见,26
1917,丈夫,26
1918,真想,26
1919,刮骨,26
1920,一根,26
1921,配合,26
1922,人设,26
1923,早已,26
1924,带来,26
1925,献计,26
1926,妈呀,26
1927,称呼,26
1928,纯属,26
1929,啊哈,26
1930,战士,26
1931,击败,26
1932,帮助,26
1933,使君,26
1934,--------,26
1935,推荐,26
1936,武庙,26
1937,手底下,26
1938,tm,26
1939,迟早,26
1940,见面,26
1941,有点像,26
1942,快乐,26
1943,一口,26
1944,侄子,26
1945,不忍,26
1946,别忘了,26
1947,渡江,26
1948,擅长,26
1949,不起,26
1950,死守,26
1951,霸业,26
1952,拉满,26
1953,吴王,26
1954,说好,26
1955,六出,26
1956,终究,26
1957,尸骨未寒,26
1958,草船借箭,26
1959,背诵,26
1960,其时,26
1961,藤甲,26
1962,大雨,26
1963,水战,26
1964,中泣,26
1965,祝融,26
1966,打工,25
1967,特意,25
1968,老二,25
1969,张角,25
1970,骂人,25
1971,人情,25
1972,群演,25
1973,亲兄弟,25
1974,救命,25
1975,昭烈,25
1976,社会,25
1977,速度,25
1978,朱元璋,25
1979,碧草,25
1980,春色,25
1981,隔叶,25
1982,黄鹂,25
1983,空好音,25
1984,出征,25
1985,多活,25
1986,虚构,25
1987,一部,25
1988,眼前,25
1989,空气,25
1990,平定,25
1991,皇位,25
1992,有所,25
1993,根基,25
1994,拨云见日,25
1995,侮辱,25
1996,顺便,25
1997,糊涂,25
1998,三次,25
1999,谋臣,25
2000,羡慕,25
2001,残暴,25
2002,曹阿瞒,25
2003,德行,25
2004,确定,25
2005,立刻,25
2006,碰到,25
2007,有勇无谋,25
2008,占领,25
2009,为难,25
2010,一刻,25
2011,压力,25
2012,亲信,25
2013,假装,25
2014,一打,25
2015,戏份,25
2016,高顺,25
2017,学学,25
2018,老夫,25
2019,宇宙,25
2020,小沛,25
2021,之名,25
2022,太平,25
2023,很快,25
2024,责任,25
2025,大耳贼,25
2026,三国鼎立,25
2027,千万,25
2028,小乔初,25
2029,江陵,25
2030,三天,25
2031,好下场,25
2032,重视,25
2033,感慨,25
2034,期间,25
2035,强行,25
2036,hhh,25
2037,死亡,25
2038,遗志,25
2039,文长,25
2040,立嗣,25
2041,手中,24
2042,人能,24
2043,改编,24
2044,全靠,24
2045,下令,24
2046,明君,24
2047,见识,24
2048,却是,24
2049,预警,24
2050,上阵,24
2051,不顾,24
2052,步兵,24
2053,何处寻,24
2054,锦官城,24
2055,柏森森,24
2056,映阶,24
2057,干活,24
2058,工具,24
2059,一家人,24
2060,孙子兵法,24
2061,实权,24
2062,听不懂,24
2063,文武双全,24
2064,自作聪明,24
2065,王者,24
2066,暴露,24
2067,结盟,24
2068,掌握,24
2069,离间,24
2070,资格,24
2071,西北,24
2072,昏庸,24
2073,几句,24
2074,封侯,24
2075,不堪,24
2076,做人,24
2077,我儿,24
2078,地步,24
2079,占据,24
2080,一股,24
2081,皇甫,24
2082,紧张,24
2083,之势,24
2084,冒险,24
2085,剧里,24
2086,一波,24
2087,生存,24
2088,伟大,24
2089,目标,24
2090,员工,24
2091,天下英雄,24
2092,帐下,24
2093,气量,24
2094,两军,24
2095,姐姐,24
2096,撤退,24
2097,兖州,24
2098,那段,24
2099,战斗,24
2100,拿捏,24
2101,影视剧,24
2102,换个,24
2103,让给,24
2104,魏晋,24
2105,防备,24
2106,嫁给,24
2107,老是,24
2108,上班,24
2109,风格,24
2110,勇猛,24
2111,每天,24
2112,来不及,24
2113,阵前,24
2114,包围,24
2115,被动,24
2116,灰飞烟灭,24
2117,各为其主,24
2118,战乱,24
2119,间接,24
2120,敌方,24
2121,河南,24
2122,照样,24
2123,bug,24
2124,扯淡,24
2125,万军,24
2126,自尽,24
2127,科学,24
2128,曹芳,24
2129,刘裕,24
2130,那次,24
2131,士元,24
2132,大路,24
2133,仲达,24
2134,恭喜,23
2135,之内,23
2136,猪肉,23
2137,绿豆,23
2138,.....,23
2139,早年,23
2140,中华,23
2141,成语,23
2142,灵帝,23
2143,之争,23
2144,平民,23
2145,二十万,23
2146,朝代,23
2147,出手,23
2148,三英,23
2149,不在乎,23
2150,富贵,23
2151,完结,23
2152,军粮,23
2153,不看,23
2154,白天,23
2155,更大,23
2156,杀害,23
2157,将来,23
2158,策略,23
2159,村夫,23
2160,放下,23
2161,走向,23
2162,过继,23
2163,纯粹,23
2164,大师,23
2165,人多,23
2166,之上,23
2167,熟悉,23
2168,事业,23
2169,吞吞吐吐,23
2170,刺客,23
2171,逐渐,23
2172,开口,23
2173,县令,23
2174,老人,23
2175,半夜,23
2176,天上,23
2177,年轻人,23
2178,浪费,23
2179,打击,23
2180,冷静,23
2181,安慰,23
2182,不爽,23
2183,果断,23
2184,嫉妒,23
2185,武功,23
2186,放到,23
2187,突围,23
2188,统兵,23
2189,体会,23
2190,能干,23
2191,看不出,23
2192,城中,23
2193,安心,23
2194,激动,23
2195,尊敬,23
2196,这有,23
2197,看不出来,23
2198,妙计,23
2199,----------,23
2200,一命,23
2201,碾压,23
2202,可笑,23
2203,名正言顺,23
2204,邓芝,23
2205,篡汉,23
2206,程普,23
2207,眼熟,23
2208,嫂嫂,23
2209,射中,23
2210,误事,23
2211,12,23
2212,情义,23
2213,之人,23
2214,受伤,23
2215,地下,23
2216,避免,23
2217,接近,23
2218,之志,23
2219,管理,23
2220,请问,23
2221,之情,23
2222,城墙,23
2223,仍然,23
2224,子孙,23
2225,急急,23
2226,书信,23
2227,之死,23
2228,姜维是,23
2229,镇守,23
2230,不稳,23
2231,大小,23
2232,战役,23
2233,七步,23
2234,反叛,23
2235,贤臣,23
2236,贾充,23
2237,尉迟恭,23
2238,萌萌,23
2239,水淹七军,23
2240,组组,23
2241,不小,22
2242,看似,22
2243,黄巾军,22
2244,好笑,22
2245,实则,22
2246,汉昭烈,22
2247,讲道理,22
2248,郁郁,22
2249,瞬间,22
2250,西汉,22
2251,偏安一隅,22
2252,暴打,22
2253,无数,22
2254,刘秀,22
2255,打天下,22
2256,触发,22
2257,误会,22
2258,李逵,22
2259,回事,22
2260,何太后,22
2261,校尉,22
2262,25,22
2263,一回,22
2264,该死,22
2265,不合理,22
2266,带不动,22
2267,善良,22
2268,袁家,22
2269,中心,22
2270,不太,22
2271,气候,22
2272,真要,22
2273,美国,22
2274,劝降,22
2275,茅塞顿开,22
2276,魏武,22
2277,头盔,22
2278,之事,22
2279,待见,22
2280,分明,22
2281,引起,22
2282,统治,22
2283,宝宝,22
2284,老伯,22
2285,帮忙,22
2286,不亏,22
2287,上天,22
2288,多久,22
2289,理智,22
2290,一番,22
2291,空间,22
2292,有名,22
2293,还行,22
2294,逃命,22
2295,出力,22
2296,及时,22
2297,小霸王,22
2298,人来,22
2299,真服了,22
2300,斩华雄,22
2301,江湖,22
2302,外人,22
2303,辕门,22
2304,莫名其妙,22
2305,李靖飞,22
2306,万人敌,22
2307,耳朵,22
2308,徒弟,22
2309,行军,22
2310,麾下,22
2311,看得出来,22
2312,实乃,22
2313,酒色,22
2314,废话,22
2315,单独,22
2316,不正,22
2317,一点点,22
2318,系统,22
2319,稍微,22
2320,叛乱,22
2321,设定,22
2322,最早,22
2323,郭图,22
2324,大于,22
2325,南北朝,22
2326,会战,22
2327,转移,22
2328,徐元直,22
2329,夹击,22
2330,渭水,22
2331,复姓,22
2332,知遇之恩,22
2333,归降,22
2334,前线,22
2335,消耗,22
2336,军法,22
2337,先是,22
2338,指望,22
2339,优秀,22
2340,玩儿,22
2341,找死,22
2342,韩遂,22
2343,重新,22
2344,决断,22
2345,..,22
2346,之乱,22
2347,功成,22
2348,湖北,22
2349,鲁萌萌,22
2350,吴军,22
2351,上当,22
2352,孙尚,22
2353,弹棉花,22
2354,参谋,22
2355,夏侯楙,22
2356,寿命,21
2357,结拜,21
2358,豆粉,21
2359,遇见,21
2360,毒死,21
2361,人力,21
2362,刺史,21
2363,升官,21
2364,媳妇,21
2365,介绍,21
2366,成本,21
2367,落魄,21
2368,打出,21
2369,昭烈帝,21
2370,苍天,21
2371,此事,21
2372,董太后,21
2373,屁股,21
2374,他会,21
2375,保住,21
2376,身后,21
2377,太小,21
2378,高览,21
2379,生前,21
2380,十二,21
2381,医术,21
2382,宝贝,21
2383,五年,21
2384,司徒,21
2385,100%,21
2386,之臣,21
2387,一线,21
2388,90,21
2389,奉先,21
2390,李云龙,21
2391,颜色,21
2392,拔剑,21
2393,达成,21
2394,更加,21
2395,精兵,21
2396,何异,21
2397,安定,21
2398,电视,21
2399,之首,21
2400,当场,21
2401,表明,21
2402,此战,21
2403,一共,21
2404,虎牢关,21
2405,倒霉,21
2406,大刀,21
2407,温酒,21
2408,循环,21
2409,科技,21
2410,继承人,21
2411,支援,21
2412,中军,21
2413,丢人,21
2414,地区,21
2415,评论,21
2416,一个月,21
2417,温柔,21
2418,安敢,21
2419,二乔,21
2420,我军,21
2421,一脸,21
2422,99,21
2423,胜败乃兵家常事,21
2424,在乎,21
2425,心腹,21
2426,代入,21
2427,归隐,21
2428,用心,21
2429,后续,21
2430,反手,21
2431,莽夫,21
2432,简雍,21
2433,以少胜多,21
2434,当真,21
2435,质疑,21
2436,阵容,21
2437,改写,21
2438,之才,21
2439,比不上,21
2440,幸运,21
2441,一模一样,21
2442,败仗,21
2443,多岁,21
2444,樯橹,21
2445,看人,21
2446,整天,21
2447,帅才,21
2448,弓箭手,21
2449,心酸,21
2450,嘴巴,21
2451,必有,21
2452,大营,21
2453,不败,21
2454,生鱼片,21
2455,决策,21
2456,忽然,21
2457,夸张,21
2458,豪杰,21
2459,白衣,21
2460,巨大,21
2461,派兵,21
2462,预测,21
2463,军马,21
2464,鬼神,21
2465,反反复复,21
2466,无耻,21
2467,失误,21
2468,师勖,21
2469,兵不厌诈,21
2470,日月,21
2471,庞统,21
2472,黄权,21
2473,作死,21
2474,扎营,21
2475,苏轼,21
2476,全军覆没,21
2477,对了,21
2478,还算,21
2479,郭淮,21
2480,当道,21
2481,说完,20
2482,大声,20
2483,双手,20
2484,你别,20
2485,后边,20
2486,节奏,20
2487,投资,20
2488,bgm,20
2489,大佬,20
2490,幼儿园,20
2491,马下,20
2492,提拔,20
2493,队伍,20
2494,铺垫,20
2495,一份,20
2496,宋江,20
2497,执行,20
2498,董承,20
2499,傀儡,20
2500,the,20
2501,门阀,20
2502,主子,20
2503,斗争,20
2504,汉臣,20
2505,嘴里,20
2506,报国,20
2507,讲武,20
2508,名士,20
2509,阶段,20
2510,商量,20
2511,信心,20
2512,观看,20
2513,送死,20
2514,取而代之,20
2515,谋划,20
2516,十个,20
2517,咱俩,20
2518,胡乱,20
2519,最起码,20
2520,输不起,20
2521,间谍,20
2522,挟天子以令诸侯,20
2523,正义,20
2524,你好,20
2525,面上,20
2526,我能,20
2527,随意,20
2528,演出,20
2529,女婿,20
2530,做出,20
2531,区区,20
2532,自刎,20
2533,仿佛,20
2534,刘氏,20
2535,高考,20
2536,事件,20
2537,遇上,20
2538,前来,20
2539,进行,20
2540,气数,20
2541,四海,20
2542,特效,20
2543,酒论,20
2544,晚年,20
2545,情谊,20
2546,大功,20
2547,同宗,20
2548,上升,20
2549,过分,20
2550,收下,20
2551,莫非,20
2552,说到底,20
2553,判断,20
2554,何故,20
2555,此计,20
2556,相争,20
2557,被骗,20
2558,语气,20
2559,敬佩,20
2560,这块,20
2561,太高,20
2562,得不到,20
2563,学会,20
2564,安稳,20
2565,老爹,20
2566,家小,20
2567,吓死,20
2568,割须弃袍,20
2569,奸计,20
2570,谣言,20
2571,潘璋,20
2572,仲谋,20
2573,稳重,20
2574,之罪,20
2575,南下,20
2576,不许,20
2577,车胄,20
2578,之际,20
2579,大局,20
2580,生病,20
2581,魏蜀吴,20
2582,上策,20
2583,动物,20
2584,前提,20
2585,三族,20
2586,家伙,20
2587,---------,20
2588,屏幕,20
2589,斗不过,20
2590,辈分,20
2591,禅让,20
2592,长时间,20
2593,孔秀,20
2594,败走麦城,20
2595,改成,20
2596,唯物主义,20
2597,西晋,20
2598,性质,20
2599,理论,20
2600,分兵,20
2601,失传,20
2602,若出,20
2603,卧龙,20
2604,妨主,20
2605,归还,20
2606,八阵图,20
2607,天气预报,20
2608,鲁子敬,20
2609,支箭,20
2610,南征,20
2611,豆萁,20
2612,暖言,20
2613,锅里,20
2614,机关,20
2615,28,19
2616,中山,19
2617,义气,19
2618,胆子,19
2619,第一集,19
2620,久居人下,19
2621,名义,19
2622,珍惜,19
2623,平原,19
2624,小孩子,19
2625,连续,19
2626,吸引,19
2627,公若,19
2628,开启,19
2629,汉寿,19
2630,避开,19
2631,大规模,19
2632,三位,19
2633,考试,19
2634,人性,19
2635,延续,19
2636,不干,19
2637,盒饭,19
2638,本质,19
2639,相对,19
2640,趁机,19
2641,师傅,19
2642,吞并,19
2643,当面,19
2644,师父,19
2645,阴谋,19
2646,太重,19
2647,残忍,19
2648,吹牛,19
2649,垃圾,19
2650,反抗,19
2651,不受,19
2652,忠心耿耿,19
2653,听懂,19
2654,认错,19
2655,良心,19
2656,在座,19
2657,教训,19
2658,高光,19
2659,杀出,19
2660,to,19
2661,想必,19
2662,看得,19
2663,追击,19
2664,反倒,19
2665,魏王,19
2666,啥时候,19
2667,那句,19
2668,四方,19
2669,暗杀,19
2670,交战,19
2671,何其,19
2672,看不见,19
2673,发挥,19
2674,策马,19
2675,之外,19
2676,乱军,19
2677,何人,19
2678,五十,19
2679,家眷,19
2680,神医,19
2681,打成,19
2682,看不清,19
2683,干净,19
2684,礼貌,19
2685,价值观,19
2686,帽子,19
2687,空城计,19
2688,人员,19
2689,致敬,19
2690,信息,19
2691,家业,19
2692,变得,19
2693,气节,19
2694,算个,19
2695,虎将,19
2696,合着,19
2697,死伤,19
2698,再次,19
2699,收留,19
2700,登场,19
2701,卖主求荣,19
2702,内乱,19
2703,被迫,19
2704,唯独,19
2705,天花板,19
2706,拿到,19
2707,在历史上,19
2708,觉醒,19
2709,严氏,19
2710,防止,19
2711,中毒,19
2712,路过,19
2713,夺得,19
2714,一篇,19
2715,可别,19
2716,无关,19
2717,陈寿,19
2718,刺死,19
2719,心高气傲,19
2720,人数,19
2721,首领,19
2722,老年,19
2723,增加,19
2724,斩杀,19
2725,讨贼,19
2726,不降,19
2727,快快,19
2728,从未,19
2729,仔细,19
2730,动摇,19
2731,很久,19
2732,篡权,19
2733,一举,19
2734,劫营,19
2735,800,19
2736,粉丝,19
2737,天下太平,19
2738,烧死,19
2739,保佑,19
2740,裴元绍,19
2741,演过,19
2742,抗曹,19
2743,反心,19
2744,木头,19
2745,观沧海,19
2746,辽东,19
2747,独占,19
2748,重庆,19
2749,见过,19
2750,自取,19
2751,奏乐,19
2752,借风,19
2753,投江,19
2754,豆燃,19
2755,陈式,19
2756,周围,18
2757,对话,18
2758,震惊,18
2759,翻脸,18
2760,字幕,18
2761,活活,18
2762,扮演,18
2763,2333,18
2764,这货,18
2765,扇子,18
2766,方天画,18
2767,了不起,18
2768,不吃,18
2769,猴子,18
2770,树林,18
2771,进京,18
2772,召回,18
2773,嚣张,18
2774,嫡长子,18
2775,夺权,18
2776,头脑,18
2777,屡屡,18
2778,当下,18
2779,寡妇,18
2780,斤斤计较,18
2781,不留,18
2782,难度,18
2783,五万,18
2784,骄傲,18
2785,屯田,18
2786,看上,18
2787,合作,18
2788,快点,18
2789,提示,18
2790,提到,18
2791,心动,18
2792,不负,18
2793,俘虏,18
2794,主人,18
2795,爱民如子,18
2796,部将,18
2797,主张,18
2798,四大,18
2799,傲慢,18
2800,疑心,18
2801,梦想,18
2802,处于,18
2803,语言,18
2804,杀气,18
2805,做成,18
2806,宝刀,18
2807,好玩,18
2808,老儿,18
2809,下午,18
2810,塑造,18
2811,来来来,18
2812,他杀,18
2813,心切,18
2814,底线,18
2815,极其,18
2816,仇恨,18
2817,持久战,18
2818,瞧不起,18
2819,一圈,18
2820,规矩,18
2821,打戏,18
2822,武圣,18
2823,城里,18
2824,骷髅,18
2825,气势,18
2826,打脸,18
2827,套路,18
2828,附近,18
2829,豫州,18
2830,高明,18
2831,有意,18
2832,很惨,18
2833,当中,18
2834,天呐,18
2835,嫂子,18
2836,白月光,18
2837,创作,18
2838,眼中,18
2839,一批,18
2840,在位,18
2841,右边,18
2842,真诚,18
2843,资本,18
2844,大本营,18
2845,始终,18
2846,大度,18
2847,不容,18
2848,偶像,18
2849,徐盛,18
2850,发誓,18
2851,城门,18
2852,共享,18
2853,150,18
2854,手足,18
2855,赢得,18
2856,天才,18
2857,保全,18
2858,现场,18
2859,这回,18
2860,大气,18
2861,一副,18
2862,崇拜,18
2863,无非,18
2864,左边,18
2865,最近,18
2866,两年,18
2867,运粮,18
2868,一辈,18
2869,早死,18
2870,感染,18
2871,听信,18
2872,做梦,18
2873,劳累,18
2874,地利,18
2875,操心,18
2876,参加,18
2877,乐不思蜀,18
2878,讨论,18
2879,走单骑,18
2880,魏宗万,18
2881,女生,18
2882,和平,18
2883,孤独,18
2884,国内,18
2885,大火,18
2886,诸葛均,18
2887,死而后已,18
2888,躬耕,18
2889,接应,18
2890,何尝,18
2891,吴侯,18
2892,借箭,18
2893,陈仓,18
2894,失街亭,18
2895,魏延有,18
2896,亲爱,18
2897,看完,18
2898,阴平,18
2899,藤甲兵,18
2900,赵括,18
2901,孙休,18
2902,史料,17
2903,出城,17
2904,出名,17
2905,传说,17
2906,剑法,17
2907,当世,17
2908,小姐,17
2909,讽刺,17
2910,好友,17
2911,贵族,17
2912,半辈子,17
2913,商人,17
2914,二十,17
2915,帝君,17
2916,爵位,17
2917,模样,17
2918,来回,17
2919,旗子,17
2920,难免,17
2921,聪明人,17
2922,匈奴,17
2923,氏族,17
2924,如子,17
2925,生母,17
2926,野史,17
2927,嘿嘿嘿,17
2928,恐怖,17
2929,形式,17
2930,馊主意,17
2931,礼仪,17
2932,关键时刻,17
2933,成熟,17
2934,上司,17
2935,这一下,17
2936,下线,17
2937,桌子,17
2938,好好看,17
2939,老虎,17
2940,奸臣,17
2941,看不到,17
2942,拥有,17
2943,跳槽,17
2944,对外,17
2945,二是,17
2946,饮酒,17
2947,古今,17
2948,拉拢,17
2949,干脆,17
2950,有事,17
2951,之徒,17
2952,主簿,17
2953,灵魂,17
2954,霸气,17
2955,世食汉禄,17
2956,荣华富贵,17
2957,忌惮,17
2958,带入,17
2959,早上,17
2960,失望,17
2961,一一,17
2962,安全,17
2963,大海,17
2964,唧唧,17
2965,何用,17
2966,封建,17
2967,成分,17
2968,拔刀,17
2969,书里,17
2970,弓手,17
2971,大喊,17
2972,小看,17
2973,好奇,17
2974,淮南,17
2975,何愁,17
2976,一己,17
2977,挑战,17
2978,提供,17
2979,体力,17
2980,吊打,17
2981,攻破,17
2982,压制,17
2983,连夜,17
2984,全力,17
2985,战将,17
2986,做个,17
2987,致使,17
2988,傲娇,17
2989,有限,17
2990,老实人,17
2991,付出,17
2992,不配,17
2993,寻思,17
2994,担当,17
2995,来到,17
2996,敬重,17
2997,相似,17
2998,后果,17
2999,手下人,17
3000,嫌弃,17
3001,再见,17
3002,暂时,17
3003,假仁假义,17
3004,核心,17
3005,便宜,17
3006,解读,17
3007,企业,17
3008,自有,17
3009,一段时间,17
3010,地图,17
3011,想过,17
3012,我俩,17
3013,错过,17
3014,缺粮,17
3015,张达,17
3016,华容,17
3017,不难,17
3018,周泰,17
3019,在线,17
3020,沙场,17
3021,何等,17
3022,父兄,17
3023,颜值,17
3024,氛围,17
3025,buff,17
3026,联姻,17
3027,出发,17
3028,以此,17
3029,不取,17
3030,出事,17
3031,刀枪,17
3032,概念,17
3033,战功,17
3034,病逝,17
3035,刚愎自用,17
3036,曹休,17
3037,不忠,17
3038,二五仔,17
3039,过度,17
3040,苍生,17
3041,乌龟,17
3042,对峙,17
3043,反驳,17
3044,蔡氏,17
3045,之时,17
3046,有勇有谋,17
3047,连年,17
3048,分裂,17
3049,屡次,17
3050,违背,17
3051,龟缩,17
3052,所为,17
3053,投敌,17
3054,不远,17
3055,美酒,17
3056,复仇,17
3057,上马,17
3058,从来没,17
3059,扰乱,17
3060,马术,17
3061,别看,17
3062,李白,17
3063,携民,17
3064,襄樊,17
3065,神人,17
3066,亲妈,17
3067,所用,17
3068,空虚,17
3069,采纳,17
3070,奇袭,17
3071,十倍,17
3072,犯错,17
3073,三十万,17
3074,树木,17
3075,大意,17
3076,草庐,17
3077,呕心沥血,17
3078,湖南,17
3079,反骨,17
3080,中医,17
3081,穷兵黩武,17
3082,桓范,17
3083,皇室,16
3084,对得起,16
3085,身高,16
3086,200,16
3087,饿死,16
3088,描写,16
3089,乱说,16
3090,超越,16
3091,谥号,16
3092,突出,16
3093,召唤,16
3094,威严,16
3095,未逢,16
3096,上线,16
3097,五个,16
3098,英雄豪杰,16
3099,纯纯,16
3100,义士,16
3101,第二天,16
3102,一杯,16
3103,登基,16
3104,长立幼,16
3105,政治家,16
3106,残酷,16
3107,尽力,16
3108,留下来,16
3109,自古以来,16
3110,陈友谅,16
3111,一鼓作气,16
3112,等级,16
3113,一带,16
3114,成不了,16
3115,实话,16
3116,跪下,16
3117,组织,16
3118,宝马,16
3119,李肃,16
3120,疯狂,16
3121,迁都,16
3122,看书,16
3123,信仰,16
3124,发言,16
3125,驻守,16
3126,从来不,16
3127,行动,16
3128,警告,16
3129,扶持,16
3130,一介,16
3131,反杀,16
3132,得知,16
3133,不满,16
3134,草芥,16
3135,保命,16
3136,展示,16
3137,白门楼,16
3138,怎能,16
3139,头疼,16
3140,屠杀,16
3141,胆识,16
3142,绝不会,16
3143,自此,16
3144,杜撰,16
3145,诛杀,16
3146,综合,16
3147,檄文,16
3148,冲突,16
3149,不通,16
3150,此后,16
3151,没杀,16
3152,顺利,16
3153,太假,16
3154,潇洒,16
3155,何惧,16
3156,公主,16
3157,打输,16
3158,秒杀,16
3159,出击,16
3160,断后,16
3161,白手起家,16
3162,各有,16
3163,开头,16
3164,这群,16
3165,亲手,16
3166,自大,16
3167,刘彰,16
3168,致命,16
3169,内行,16
3170,得以,16
3171,一对,16
3172,不救,16
3173,猜到,16
3174,太有,16
3175,屠了,16
3176,收复,16
3177,不断,16
3178,两面,16
3179,最少,16
3180,骂名,16
3181,制衡,16
3182,出卖,16
3183,打压,16
3184,功臣,16
3185,胜仗,16
3186,陆抗,16
3187,象征,16
3188,拖住,16
3189,号令,16
3190,奔腾,16
3191,当成,16
3192,没赢,16
3193,嘲笑,16
3194,甘心,16
3195,引发,16
3196,自以为是,16
3197,联手,16
3198,砍死,16
3199,大胆,16
3200,散布,16
3201,标准,16
3202,荆襄,16
3203,欢迎,16
3204,背信弃义,16
3205,流传,16
3206,标题,16
3207,不以,16
3208,长久,16
3209,积极,16
3210,2022,16
3211,谗言,16
3212,老天,16
3213,应对,16
3214,两万,16
3215,家事,16
3216,开国,16
3217,灌灌,16
3218,看不下去,16
3219,铁索,16
3220,深入,16
3221,不怪,16
3222,几千年,16
3223,第三个,16
3224,书生,16
3225,救人,16
3226,其主,16
3227,很重,16
3228,背影,16
3229,三代,16
3230,不听话,16
3231,七万,16
3232,以逸待劳,16
3233,压不住,16
3234,进兵,16
3235,细作,16
3236,营寨,16
3237,可叹,16
3238,军营,16
3239,虽寿,16
3240,上山,16
3241,高傲,16
3242,大才,16
3243,托付,16
3244,怎会,16
3245,黄月英,16
3246,费祎,16
3247,死去,16
3248,甘露寺,16
3249,偷渡,16
3250,携手前进,16
3251,足以,15
3252,事实证明,15
3253,结为,15
3254,冲杀,15
3255,竟敢,15
3256,毒药,15
3257,鞭打,15
3258,比起,15
3259,盛世,15
3260,隐藏,15
3261,带头,15
3262,原创,15
3263,冲锋,15
3264,这能,15
3265,爱兵,15
3266,底层,15
3267,草包,15
3268,一名,15
3269,皇宫,15
3270,一脚,15
3271,奔波,15
3272,埋下,15
3273,奶奶,15
3274,小小,15
3275,强调,15
3276,13,15
3277,道士,15
3278,依靠,15
3279,直呼,15
3280,轻敌,15
3281,属下,15
3282,一世,15
3283,而亡,15
3284,选项,15
3285,好几个,15
3286,平衡,15
3287,折腾,15
3288,来个,15
3289,滚滚,15
3290,哦哦哦,15
3291,吕布之,15
3292,从中,15
3293,持续,15
3294,懦弱,15
3295,优点,15
3296,弱点,15
3297,打着,15
3298,舍得,15
3299,一匹,15
3300,挥鞭,15
3301,领先,15
3302,看透,15
3303,霸主,15
3304,群雄,15
3305,识人,15
3306,不高,15
3307,看清,15
3308,无疑,15
3309,禽兽,15
3310,气氛,15
3311,下毒,15
3312,免得,15
3313,太惨,15
3314,怎么回事,15
3315,转头,15
3316,没人敢,15
3317,来讲,15
3318,看破,15
3319,诗人,15
3320,战略家,15
3321,一丝,15
3322,94,15
3323,不装,15
3324,大伙,15
3325,知己,15
3326,极限,15
3327,这片,15
3328,太阳,15
3329,放屁,15
3330,吓人,15
3331,性情,15
3332,至极,15
3333,方可,15
3334,经费,15
3335,性子,15
3336,收兵,15
3337,别提,15
3338,盟主,15
3339,李典,15
3340,一合,15
3341,五百,15
3342,正式,15
3343,无限,15
3344,兵士,15
3345,几万人,15
3346,拍戏,15
3347,回复,15
3348,冷兵器,15
3349,嫡系,15
3350,第三,15
3351,北边,15
3352,莫名,15
3353,撕破脸,15
3354,不易,15
3355,大一统,15
3356,太行,15
3357,路线,15
3358,搞定,15
3359,古代人,15
3360,绝望,15
3361,写成,15
3362,凯歌,15
3363,穿帮,15
3364,最难,15
3365,报告,15
3366,用到,15
3367,拉倒,15
3368,杀敌,15
3369,and,15
3370,原谅,15
3371,亲儿子,15
3372,妇人,15
3373,两千年,15
3374,产生,15
3375,之策,15
3376,深知,15
3377,片段,15
3378,天空,15
3379,古城,15
3380,卖命,15
3381,汉人,15
3382,伪君子,15
3383,阴谋论,15
3384,青州,15
3385,充满,15
3386,发小,15
3387,信义,15
3388,破防,15
3389,开战,15
3390,留给,15
3391,单骑,15
3392,不争气,15
3393,风骨,15
3394,点儿,15
3395,红尘,15
3396,潇潇洒洒,15
3397,记录,15
3398,挟持,15
3399,落地,15
3400,没能,15
3401,价值,15
3402,而今,15
3403,必杀,15
3404,自愿,15
3405,继位,15
3406,怀念,15
3407,能人,15
3408,三万,15
3409,没说,15
3410,枪兵,15
3411,城外,15
3412,之道,15
3413,三哥,15
3414,曹公,15
3415,大忌,15
3416,极大,15
3417,硬是,15
3418,头颅,15
3419,巴蜀,15
3420,没人能,15
3421,暴躁,15
3422,何来,15
3423,绑架,15
3424,装糊涂,15
3425,敲打,15
3426,文言文,15
3427,情报,15
3428,玄学,15
3429,补给,15
3430,吉平,15
3431,就够,15
3432,没准,15
3433,一剑,15
3434,制作,15
3435,那集,15
3436,猜忌,15
3437,西方,15
3438,铜雀春,15
3439,深锁,15
3440,解放军,15
3441,混乱,15
3442,那点,15
3443,造谣,15
3444,酒仙,15
3445,著名,15
3446,灭国,15
3447,战后,15
3448,崔州平,15
3449,夏天,15
3450,休养生息,15
3451,苟安,15
3452,乔国老,15
3453,湘水,15
3454,胡须,15
3455,水源,15
3456,烧豆杆,15
3457,八王,15
3458,喝喝,15
3459,具体,14
3460,山下,14
3461,最惨,14
3462,贬低,14
3463,耗尽,14
3464,生于,14
3465,功夫,14
3466,堪称,14
3467,土匪,14
3468,原地,14
3469,唱歌,14
3470,传承,14
3471,世代,14
3472,架子,14
3473,华歆,14
3474,对应,14
3475,只恨,14
3476,不弱,14
3477,我国,14
3478,圣人,14
3479,西园,14
3480,没脑子,14
3481,何后,14
3482,部曲,14
3483,皇权,14
3484,杀猪,14
3485,自家人,14
3486,玩笑,14
3487,几千人,14
3488,团结,14
3489,方向,14
3490,杀光,14
3491,坏处,14
3492,何晴,14
3493,以外,14
3494,开发,14
3495,打斗,14
3496,地狱,14
3497,硬气,14
3498,属实,14
3499,先进,14
3500,李世民,14
3501,遗篇,14
3502,最低,14
3503,高级,14
3504,把握,14
3505,胡说,14
3506,没本事,14
3507,莽撞,14
3508,一日,14
3509,无力,14
3510,真敢,14
3511,太狠,14
3512,在世,14
3513,无情,14
3514,满足,14
3515,馒头,14
3516,拿来,14
3517,自动,14
3518,不曾,14
3519,缺陷,14
3520,习惯,14
3521,伺候,14
3522,宁死,14
3523,无论是,14
3524,重生,14
3525,羁绊,14
3526,痛苦,14
3527,真厚,14
3528,前边,14
3529,着火,14
3530,战神,14
3531,吃亏,14
3532,打战,14
3533,OK,14
3534,再战,14
3535,轮不到,14
3536,顺风,14
3537,不孝,14
3538,稀烂,14
3539,家大业大,14
3540,关中,14
3541,还原,14
3542,冀州,14
3543,清朝,14
3544,洛水,14
3545,配角,14
3546,长相,14
3547,才行,14
3548,决心,14
3549,漏洞,14
3550,两集,14
3551,战袍,14
3552,考验,14
3553,何在,14
3554,干哈,14
3555,输得,14
3556,美丽,14
3557,鞭子,14
3558,独当一面,14
3559,美名,14
3560,大脑,14
3561,扬州,14
3562,跟不上,14
3563,本部,14
3564,屯兵,14
3565,射戟,14
3566,太弱,14
3567,汉代,14
3568,憋屈,14
3569,着想,14
3570,鼻子,14
3571,一向,14
3572,伏兵,14
3573,衬托,14
3574,换来,14
3575,记性,14
3576,戒酒,14
3577,留守,14
3578,因素,14
3579,数量,14
3580,大夫,14
3581,一箭,14
3582,看不惯,14
3583,受苦,14
3584,太白金星,14
3585,坏人,14
3586,气度,14
3587,233,14
3588,将帅,14
3589,几分,14
3590,给面子,14
3591,过得,14
3592,撤兵,14
3593,惋惜,14
3594,心怀,14
3595,身体发肤,14
3596,看吧,14
3597,连个,14
3598,抛弃,14
3599,23333,14
3600,这方面,14
3601,众多,14
3602,实属,14
3603,援军,14
3604,好比,14
3605,纪录片,14
3606,儿戏,14
3607,地球,14
3608,一颗,14
3609,忠肝义胆,14
3610,困难,14
3611,要害,14
3612,年后,14
3613,绿色,14
3614,长寿,14
3615,取代,14
3616,军事家,14
3617,这一仗,14
3618,张将军,14
3619,嘱咐,14
3620,蜀锦,14
3621,以北,14
3622,瞎说,14
3623,抵挡,14
3624,奇才,14
3625,几人,14
3626,姜子牙,14
3627,走麦城,14
3628,时杀,14
3629,侧面,14
3630,不出,14
3631,群众,14
3632,操劳,14
3633,诋毁,14
3634,姜伯约,14
3635,姐妹,14
3636,强攻,14
3637,白起,14
3638,不停,14
3639,亮出,14
3640,古来,14
3641,迅速,14
3642,传位,14
3643,稳住,14
3644,往事,14
3645,破坏,14
3646,神龟,14
3647,二十年,14
3648,作诗,14
3649,司马徽,14
3650,被子,14
3651,人缘,14
3652,一阵,14
3653,安乐,14
3654,落凤坡,14
3655,冲阵,14
3656,旧都,14
3657,一笑,14
3658,诸葛瞻,14
3659,老友,14
3660,超超,14
3661,明日,14
3662,不太好,14
3663,蜀道,14
3664,八十三万,14
3665,王业成,14
3666,过江,14
3667,群臣,14
3668,双标,14
3669,战饭造,14
3670,军功,14
3671,独轮车,14
3672,佩剑,13
3673,成事,13
3674,提升,13
3675,极高,13
3676,雷公,13
3677,最小,13
3678,结交,13
3679,视频,13
3680,网络,13
3681,不得了,13
3682,黄色,13
3683,梁山,13
3684,坐在,13
3685,诈骗,13
3686,总结,13
3687,西凉军,13
3688,档次,13
3689,学生,13
3690,片尾曲,13
3691,可想而知,13
3692,在场,13
3693,只用,13
3694,汉武帝,13
3695,养子,13
3696,全给,13
3697,来得及,13
3698,处置,13
3699,观点,13
3700,强者,13
3701,驾崩,13
3702,专权,13
3703,吃饱,13
3704,诏书,13
3705,无脑,13
3706,从不,13
3707,哥们儿,13
3708,讲话,13
3709,之众,13
3710,袁氏,13
3711,也就是说,13
3712,一道,13
3713,足矣,13
3714,秦始皇,13
3715,年前,13
3716,就别,13
3717,霍光,13
3718,楚云飞,13
3719,诡计,13
3720,打破,13
3721,岂可,13
3722,2000,13
3723,多有,13
3724,说客,13
3725,追求,13
3726,志向,13
3727,勇武,13
3728,奸贼,13
3729,影响力,13
3730,独自,13
3731,坦克,13
3732,冲动,13
3733,结合,13
3734,感受,13
3735,崩溃,13
3736,钱财,13
3737,资历,13
3738,年少,13
3739,所致,13
3740,小气,13
3741,之姿,13
3742,跑不了,13
3743,高度,13
3744,若不思,13
3745,朝中,13
3746,厚葬,13
3747,有利,13
3748,be,13
3749,马儿,13
3750,有理,13
3751,刻画,13
3752,保不住,13
3753,必死无疑,13
3754,儿童,13
3755,心狠手辣,13
3756,无用,13
3757,牛壁,13
3758,小事,13
3759,似乎,13
3760,剧中,13
3761,称为,13
3762,35,13
3763,外交,13
3764,两路,13
3765,半路,13
3766,天下第一,13
3767,家里人,13
3768,冲昏,13
3769,无比,13
3770,张合,13
3771,太低,13
3772,当今,13
3773,不胜,13
3774,爱情,13
3775,耻笑,13
3776,传给,13
3777,逆风,13
3778,闭嘴,13
3779,能忍,13
3780,投胎,13
3781,自知之明,13
3782,听得,13
3783,只见,13
3784,陷入,13
3785,hhhh,13
3786,建功立业,13
3787,赵四,13
3788,压得,13
3789,活生生,13
3790,办事,13
3791,几十,13
3792,真打,13
3793,大风,13
3794,同盟,13
3795,大陆,13
3796,割据,13
3797,往往,13
3798,阿阿阿,13
3799,归顺,13
3800,老登,13
3801,加班,13
3802,报恩,13
3803,有毒,13
3804,香蕉,13
3805,初心,13
3806,不然的话,13
3807,破绽,13
3808,沟通,13
3809,承担,13
3810,生灵,13
3811,夺回,13
3812,玩完,13
3813,挑拨,13
3814,饰演,13
3815,在意,13
3816,逆贼,13
3817,好牌,13
3818,全程,13
3819,为国,13
3820,显示,13
3821,做不了,13
3822,没意思,13
3823,------------,13
3824,胜算,13
3825,分散,13
3826,兴兵,13
3827,效力,13
3828,打动,13
3829,足见,13
3830,手握,13
3831,文学,13
3832,最佳,13
3833,托付给,13
3834,例子,13
3835,最牛,13
3836,可恨,13
3837,夺船,13
3838,庞士元,13
3839,清醒,13
3840,抓错,13
3841,善于,13
3842,耽误,13
3843,八十一,13
3844,脖子,13
3845,统领,13
3846,大胜,13
3847,先前,13
3848,筷子,13
3849,联系,13
3850,聊天,13
3851,没粮,13
3852,教导,13
3853,太妙了,13
3854,太累,13
3855,派出,13
3856,纠结,13
3857,克制,13
3858,阴险,13
3859,牵制,13
3860,物理,13
3861,十几年,13
3862,不能不要,13
3863,之仇,13
3864,不得已,13
3865,真当,13
3866,唐僧,13
3867,大闹天宫,13
3868,进城,13
3869,天时地利人和,13
3870,和子,13
3871,拿走,13
3872,爱将,13
3873,临死,13
3874,经营,13
3875,完事,13
3876,半年,13
3877,出口,13
3878,我心,13
3879,红脸,13
3880,多事,13
3881,退路,13
3882,燃烧,13
3883,智囊,13
3884,无论如何,13
3885,生灵涂炭,13
3886,凋零,13
3887,伤感,13
3888,差远了,13
3889,康熙,13
3890,太急,13
3891,顶不住,13
3892,犹如,13
3893,汉家,13
3894,抗衡,13
3895,摆烂,13
3896,不准,13
3897,大神,13
3898,感叹,13
3899,不靠,13
3900,一帮,13
3901,好久,13
3902,激将法,13
3903,不决,13
3904,打光,13
3905,放权,13
3906,蜀粉,13
3907,兵家,13
3908,功绩,13
3909,风范,13
3910,极好,13
3911,威武,13
3912,贼子,13
3913,老公,13
3914,笑声,13
3915,箭头,13
3916,战国,13
3917,三枪,13
3918,李恢,13
3919,张三,13
3920,削弱,13
3921,行医,13
3922,信不信,13
3923,统治者,13
3924,笑容,13
3925,碧眼,13
3926,蔡夫人,13
3927,辎重,13
3928,大祸,13
3929,描述,13
3930,内部矛盾,13
3931,滑稽,13
3932,无当,13
3933,飞军,13
3934,山岛,13
3935,铜雀台,13
3936,歌以,13
3937,地势,13
3938,曹彰,13
3939,文采,13
3940,惨败,13
3941,抵御,13
3942,同志,13
3943,龙凤,13
3944,可否,13
3945,400,13
3946,大梦,13
3947,知其不可,13
3948,管仲,13
3949,地理,13
3950,九州,13
3951,狐狸,13
3952,山谷,13
3953,小义,13
3954,奸案,13
3955,小朋友,13
3956,铁胆,13
3957,看错,13
3958,重臣,13
3959,总有,13
3960,大船,13
3961,草人,13
3962,大气层,13
3963,蝴蝶效应,13
3964,好惨,13
3965,讲真,13
3966,岐山,13
3967,谷口,13
3968,魏兵,13
3969,能守,13
3970,新城,13
3971,请战,13
3972,享乐,13
3973,之盟,13
3974,剑阁,13
3975,炎炎,13
3976,南中,13
3977,麦城,13
3978,撒花,13
3979,终归,13
3980,九伐,13
3981,扎寨,13
3982,陈泰,13
3983,转身,12
3984,游侠,12
3985,农民,12
3986,誓言,12
3987,龙王,12
3988,可恶,12
3989,马匹,12
3990,招募,12
3991,刀剑,12
3992,一拜,12
3993,当官,12
3994,网友,12
3995,败走,12
3996,白身,12
3997,魅魔,12
3998,旁白,12
3999,爱民,12
4000,好汉,12
4001,味道,12
4002,州牧,12
4003,世上,12
4004,妥妥,12
4005,神威,12
4006,后裔,12
4007,形势,12
4008,低调,12
4009,如鱼得水,12
4010,气魄,12
4011,北京,12
4012,好日子,12
4013,洪宇宙,12
4014,兄妹,12
4015,祭祀,12
4016,太牛,12
4017,究竟,12
4018,岁数,12
4019,伏笔,12
4020,妹子,12
4021,逃走,12
4022,血缘关系,12
4023,没兵,12
4024,鄙视,12
4025,圣旨,12
4026,咋办,12
4027,青年,12
4028,影子,12
4029,夺回来,12
4030,生怕,12
4031,哔哩,12
4032,黄金,12
4033,几万,12
4034,凉州,12
4035,初期,12
4036,国舅,12
4037,---------------,12
4038,阴影,12
4039,一用,12
4040,难听,12
4041,太绝,12
4042,称号,12
4043,见利忘义,12
4044,名垂青史,12
4045,黑色,12
4046,官方,12
4047,多大,12
4048,全世界,12
4049,舍弃,12
4050,亲兵,12
4051,举荐,12
4052,可行,12
4053,加入,12
4054,一大堆,12
4055,朝堂,12
4056,没救,12
4057,隐居,12
4058,当个,12
4059,前途,12
4060,大权,12
4061,并州,12
4062,世间,12
4063,送来,12
4064,不明,12
4065,几位,12
4066,is,12
4067,运用,12
4068,多半,12
4069,感人,12
4070,愧疚,12
4071,难不成,12
4072,书上,12
4073,魏武帝,12
4074,碰上,12
4075,疑心病,12
4076,一军,12
4077,脱身,12
4078,下手,12
4079,心机,12
4080,行刺,12
4081,注重,12
4082,中道,12
4083,意外,12
4084,SR,12
4085,亲近,12
4086,名曰,12
4087,高低,12
4088,生日,12
4089,房子,12
4090,特点,12
4091,九族,12
4092,白白,12
4093,发达,12
4094,董卓之,12
4095,赏赐,12
4096,-------------,12
4097,相提并论,12
4098,幸好,12
4099,人妻,12
4100,之礼,12
4101,文明,12
4102,胜负,12
4103,姓名,12
4104,刀兵,12
4105,一员,12
4106,以下,12
4107,关圣,12
4108,吕奉先,12
4109,赏识,12
4110,疗毒,12
4111,张温,12
4112,之术,12
4113,对战,12
4114,水关,12
4115,恩情,12
4116,得了吧,12
4117,救援,12
4118,拍出来,12
4119,指定,12
4120,劣势,12
4121,异心,12
4122,段时间,12
4123,受得了,12
4124,交情,12
4125,提防,12
4126,称王,12
4127,嘴上,12
4128,国王,12
4129,太师,12
4130,猜猜,12
4131,写诗,12
4132,事后,12
4133,幸亏,12
4134,做主,12
4135,招兵买马,12
4136,琢磨,12
4137,年纪轻轻,12
4138,私心,12
4139,危难,12
4140,男女,12
4141,丫鬟,12
4142,相反,12
4143,站队,12
4144,底子,12
4145,安抚,12
4146,低头,12
4147,副本,12
4148,礼物,12
4149,怎么着,12
4150,二字,12
4151,行不行,12
4152,三百,12
4153,没人管,12
4154,歌颂,12
4155,阻止,12
4156,结亲,12
4157,听君,12
4158,有趣,12
4159,犊子,12
4160,竖子,12
4161,没点,12
4162,山西,12
4163,好感,12
4164,内应,12
4165,烫手山芋,12
4166,遭报应,12
4167,报复,12
4168,起家,12
4169,那句话,12
4170,那年,12
4171,刘焉,12
4172,人会,12
4173,人去,12
4174,还敢,12
4175,意志,12
4176,之君,12
4177,旗号,12
4178,南北,12
4179,特殊,12
4180,后继无人,12
4181,21,12
4182,不义,12
4183,宴会,12
4184,张昭是,12
4185,真是太,12
4186,夜袭,12
4187,速速,12
4188,焉能,12
4189,相处,12
4190,作伴,12
4191,人世,12
4192,繁华,12
4193,打扮,12
4194,哪能,12
4195,很能,12
4196,通知,12
4197,语文,12
4198,英语,12
4199,露出,12
4200,死心塌地,12
4201,窝囊,12
4202,过人,12
4203,不当,12
4204,阴阳怪气,12
4205,锐气,12
4206,女孩,12
4207,冤枉,12
4208,不输,12
4209,接手,12
4210,快速,12
4211,愤怒,12
4212,百草,12
4213,小学,12
4214,听听,12
4215,免疫,12
4216,一员大将,12
4217,张口,12
4218,服从,12
4219,撤军,12
4220,妇人之见,12
4221,感激,12
4222,砍头,12
4223,服务,12
4224,放水,12
4225,外边,12
4226,刘备之,12
4227,调动,12
4228,岁月,12
4229,活命,12
4230,时空,12
4231,宽厚,12
4232,效率,12
4233,一线生机,12
4234,妇人之仁,12
4235,葬送,12
4236,大都,12
4237,显然,12
4238,夺取,12
4239,排名,12
4240,1800,12
4241,古往今来,12
4242,报效,12
4243,口中,12
4244,思路,12
4245,半句,12
4246,文臣武将,12
4247,虚实,12
4248,激将,12
4249,万物,12
4250,一队,12
4251,斩颜良,12
4252,物资,12
4253,懂吗,12
4254,文天祥,12
4255,民族,12
4256,甘肃,12
4257,上前,12
4258,之处,12
4259,相同,12
4260,外甥,12
4261,忠言,12
4262,领袖,12
4263,加害,12
4264,熟人,12
4265,陕西,12
4266,平手,12
4267,取得,12
4268,叛徒,12
4269,雄厚,12
4270,逼迫,12
4271,强盛,12
4272,投石,12
4273,死战,12
4274,电话,12
4275,指不定,12
4276,翻盘,12
4277,八十万,12
4278,桓温,12
4279,人才济济,12
4280,血染,12
4281,一封,12
4282,大势已去,12
4283,诚意,12
4284,拱手,12
4285,一千,12
4286,吓唬,12
4287,水何,12
4288,丛生,12
4289,咏志,12
4290,装病,12
4291,无忧,12
4292,壮志,12
4293,覆灭,12
4294,夫妻,12
4295,活不了,12
4296,一夜,12
4297,全文,12
4298,想念,12
4299,理想主义,12
4300,草堂,12
4301,卑鄙,12
4302,臣于,12
4303,感到,12
4304,先觉,12
4305,窗外,12
4306,迟迟,12
4307,八斗,12
4308,七擒,12
4309,茅庐,12
4310,挖掘机,12
4311,下注,12
4312,有变,12
4313,阳寿,12
4314,比得上,12
4315,九江,12
4316,困于,12
4317,鸡肋,12
4318,吴魏,12
4319,安在,12
4320,主降,12
4321,.......,12
4322,执念,12
4323,亡国,12
4324,下凡,12
4325,老狐狸,12
4326,主动出击,12
4327,取胜,12
4328,吕范,12
4329,领土,12
4330,之声,12
4331,云大,12
4332,水水水,12
4333,孟起,12
4334,七七七,12
4335,衔枚,12
4336,范疆,12
4337,克复,12
4338,蛐蛐,12
4339,魏延去,12
4340,新朋,12
4341,三打,11
4342,操练,11
4343,神器,11
4344,给钱,11
4345,全服,11
4346,小弟,11
4347,多个,11
4348,飞机,11
4349,招降,11
4350,赴死,11
4351,看多,11
4352,名头,11
4353,傲上,11
4354,我本,11
4355,美好,11
4356,必胜,11
4357,一听,11
4358,太早,11
4359,衰落,11
4360,起飞,11
4361,顺序,11
4362,祸害,11
4363,典型,11
4364,好样,11
4365,道路,11
4366,ohh,11
4367,清高,11
4368,看成,11
4369,秦朝,11
4370,收获,11
4371,战略眼光,11
4372,已死,11
4373,子嗣,11
4374,活路,11
4375,悟空,11
4376,年迈,11
4377,扭曲,11
4378,拱火,11
4379,张让,11
4380,求救,11
4381,退出,11
4382,劝说,11
4383,大患,11
4384,感恩,11
4385,目光短浅,11
4386,朝政,11
4387,老爷,11
4388,刘辩,11
4389,下一代,11
4390,强多,11
4391,太久,11
4392,满分,11
4393,说了算,11
4394,走到,11
4395,杀个,11
4396,可能性,11
4397,转变,11
4398,分钟,11
4399,警惕,11
4400,珠宝,11
4401,场子,11
4402,愿拜,11
4403,祸患,11
4404,频繁,11
4405,证据,11
4406,说服,11
4407,岂不闻,11
4408,模式,11
4409,下跪,11
4410,央视,11
4411,全在,11
4412,常有,11
4413,坐骑,11
4414,死定了,11
4415,45,11
4416,世族,11
4417,武夫,11
4418,QAQ,11
4419,争霸,11
4420,里边,11
4421,无知,11
4422,走路,11
4423,叽叽,11
4424,士大夫,11
4425,不亚于,11
4426,此等,11
4427,口才,11
4428,朝野,11
4429,身死,11
4430,作业,11
4431,儒家,11
4432,流程,11
4433,热闹,11
4434,杨氏,11
4435,无可奈何,11
4436,妻儿,11
4437,不仅仅,11
4438,怕死,11
4439,至死,11
4440,文书,11
4441,千金,11
4442,精灵,11
4443,礼节,11
4444,那天,11
4445,杀心,11
4446,入侵,11
4447,逃难,11
4448,县长,11
4449,八成,11
4450,客观,11
4451,进步,11
4452,几岁,11
4453,抱负,11
4454,in,11
4455,再三,11
4456,真相,11
4457,灭门,11
4458,时光,11
4459,这剧,11
4460,有余,11
4461,心理素质,11
4462,闻名,11
4463,郭汜,11
4464,离去,11
4465,马战,11
4466,万里,11
4467,统计,11
4468,太远,11
4469,神话,11
4470,小卒,11
4471,边上,11
4472,不屑,11
4473,预言,11
4474,三十,11
4475,憔悴,11
4476,临时,11
4477,不齐,11
4478,哪有什么,11
4479,先不说,11
4480,没带,11
4481,战事,11
4482,插标,11
4483,心脏,11
4484,只好,11
4485,地道,11
4486,名气,11
4487,记错,11
4488,言过其实,11
4489,刘岱,11
4490,一百,11
4491,深明大义,11
4492,献于,11
4493,敬业,11
4494,自我,11
4495,求求,11
4496,相貌,11
4497,笑笑,11
4498,赢家,11
4499,跳舞,11
4500,费劲,11
4501,上课,11
4502,熟读,11
4503,送到,11
4504,喝完,11
4505,拖出去,11
4506,缺德,11
4507,反目,11
4508,仇人,11
4509,维持,11
4510,秘密,11
4511,合计,11
4512,之恩,11
4513,我敢,11
4514,充分,11
4515,拿出,11
4516,汉帝,11
4517,按理说,11
4518,前车之鉴,11
4519,战死沙场,11
4520,隆中,11
4521,锤子,11
4522,善待,11
4523,服饰,11
4524,八卦,11
4525,自私,11
4526,大局观,11
4527,借兵,11
4528,执意,11
4529,借来,11
4530,叔父,11
4531,震慑,11
4532,混战,11
4533,根据地,11
4534,势大,11
4535,江苏,11
4536,效忠,11
4537,烂摊子,11
4538,头巾,11
4539,计较,11
4540,石家庄,11
4541,老爷子,11
4542,古文,11
4543,火把,11
4544,再来,11
4545,六郡,11
4546,家长,11
4547,奥特曼,11
4548,之意,11
4549,往后,11
4550,女朋友,11
4551,工匠,11
4552,到期,11
4553,向来,11
4554,好好笑,11
4555,一架,11
4556,放冷箭,11
4557,直取,11
4558,情感,11
4559,射程,11
4560,天生,11
4561,未得,11
4562,跋扈,11
4563,弟兄,11
4564,太好,11
4565,极端,11
4566,先打,11
4567,阵亡,11
4568,弱小,11
4569,不气,11
4570,一趟,11
4571,看好,11
4572,放松,11
4573,何止,11
4574,邹氏,11
4575,嘉嘉,11
4576,今晚,11
4577,拼杀,11
4578,叛军,11
4579,避箭于,11
4580,三日,11
4581,留不住,11
4582,七百里,11
4583,私下,11
4584,当众,11
4585,减少,11
4586,黄字,11
4587,北拒,11
4588,毛线,11
4589,完整,11
4590,忧虑,11
4591,侍从,11
4592,算不上,11
4593,死因,11
4594,亲家,11
4595,不思,11
4596,大多数,11
4597,治病,11
4598,立即,11
4599,老太太,11
4600,回忆,11
4601,治疗,11
4602,人命,11
4603,断粮,11
4604,守家,11
4605,主攻,11
4606,唏嘘,11
4607,狼狈,11
4608,一枪,11
4609,不放,11
4610,说破,11
4611,安能,11
4612,三贤,11
4613,属性,11
4614,23,11
4615,14,11
4616,拍得,11
4617,谁家,11
4618,吐血,11
4619,给予,11
4620,神奇,11
4621,武略,11
4622,外事,11
4623,保持,11
4624,稳赢,11
4625,一马,11
4626,技巧,11
4627,兵卒,11
4628,打败仗,11
4629,背负,11
4630,东南,11
4631,不失,11
4632,因果,11
4633,天数,11
4634,刘备才,11
4635,代价,11
4636,读过,11
4637,封地,11
4638,规模,11
4639,下马,11
4640,无聊,11
4641,三观,11
4642,收到,11
4643,降智,11
4644,处处,11
4645,der,11
4646,开门,11
4647,好点,11
4648,军团,11
4649,穿着,11
4650,中期,11
4651,供奉,11
4652,天赋,11
4653,欣慰,11
4654,诚心,11
4655,指出,11
4656,民众,11
4657,珍贵,11
4658,切断,11
4659,得来,11
4660,决战,11
4661,红色,11
4662,烧烤,11
4663,满满,11
4664,部落,11
4665,善用,11
4666,告知,11
4667,虎豹,11
4668,五十万,11
4669,诱饵,11
4670,丰茂,11
4671,上集,11
4672,洪波,11
4673,涌起,11
4674,灿烂,11
4675,33,11
4676,之败,11
4677,水里,11
4678,儒雅,11
4679,紫色,11
4680,19,11
4681,不灭,11
4682,乱箭,11
4683,死于,11
4684,相助,11
4685,顾之恩,11
4686,求贤若渴,11
4687,重兵,11
4688,孔明之,11
4689,支撑,11
4690,该是,11
4691,没听说过,11
4692,绝境,11
4693,追上,11
4694,天使,11
4695,陆绩,11
4696,舌头,11
4697,心脏病,11
4698,最先,11
4699,棺材,11
4700,走后,11
4701,宗族,11
4702,夫君,11
4703,失守,11
4704,战船,11
4705,兵书,11
4706,建功,11
4707,风流,11
4708,腾蛇,11
4709,乘雾,11
4710,终为,11
4711,土灰,11
4712,临江,11
4713,外科,11
4714,鼓舞士气,11
4715,魏吴,11
4716,桂阳,11
4717,有何,11
4718,羌族,11
4719,刘婵,11
4720,小舅子,11
4721,水路,11
4722,自来,11
4723,双重,11
4724,皓首,11
4725,骂阵,11
4726,自负,11
4727,孙柯基,11
4728,孤山,11
4729,武侯祠,11
4730,蜀魏,11
4731,已定,11
4732,兵甲,11
4733,四面,11
4734,北定,11
4735,董允,11
